folioviv,foliohog,numren,clave,mes_1,mes_2,mes_3,mes_4,mes_5,mes_6,ing_1,ing_2,ing_3,ing_4,ing_5,ing_6,ing_tri,ct_futuro
0100116504,1,04,P108,08,07,06,05,04,03,0,0,0,3200,0,0,1565.21,9
0100634704,1,05,P108,09,08,07,06,05,04,0,0,0,0,0,3000,1475.4,8
0100836402,1,02,P108,08,07,06,05,04,03,0,0,0,0,6000,0,2934.78,9
0100916702,1,02,P108,09,08,07,06,05,04,0,0,0,0,0,3000,1475.4,9
0101287602,1,02,P108,09,08,07,06,05,04,0,0,3700,3700,3700,3700,7278.68,8
0101352002,1,02,P108,10,09,08,07,06,05,0,0,0,0,0,3600,1760.86,8
0101644505,1,02,P108,09,08,07,06,05,04,0,0,0,0,3700,3700,3619.56,9
0102090303,1,03,P108,08,07,06,05,04,03,0,3200,0,0,0,3200,3130.43,9
0102339818,1,03,P108,09,08,07,06,05,04,0,0,0,3600,3600,3600,5311.47,9
0204932401,1,03,P108,08,07,06,05,04,03,3600,3600,3600,3600,3600,3600,10565.21,1
0207508204,1,03,P108,07,06,05,04,03,02,0,3000,0,3000,0,3000,4450.54,9
0300002205,1,02,P108,07,06,05,04,03,02,3700,3700,3700,3700,3700,3700,10978.02,1
0300080303,1,03,P108,08,07,06,05,04,03,0,0,4700,0,0,0,2298.91,9
0300095706,1,04,P108,09,08,07,06,05,04,3800,3800,3800,3800,3800,3800,11213.11,9
0300281001,1,03,P108,10,09,08,07,06,05,4200,4200,0,0,0,0,4108.69,9
0300583003,1,01,P108,10,09,08,07,06,05,6000,6000,6000,0,0,0,8804.34,1
0300612403,1,02,P108,08,07,06,05,04,03,3700,3700,0,0,0,0,3619.56,9
0300656901,1,04,P108,10,09,08,07,06,05,0,0,0,0,2000,0,978.26,9
0300798611,1,02,P108,09,08,07,06,05,04,1500,1500,1500,1500,1500,1500,4426.22,9
0300856304,1,02,P108,08,07,06,05,04,03,0,2000,0,0,0,0,978.26,9
0301055321,1,02,P108,08,07,06,05,04,03,3748,3748,0,0,0,0,3666.52,9
0301197805,1,03,P108,09,08,07,06,05,04,0,3748,3748,3748,3748,3748,9216.39,9
0301208703,1,02,P108,09,08,07,06,05,04,0,0,0,0,0,3500,1721.31,9
0360001413,1,01,P108,08,07,06,05,04,03,3700,3700,3700,3700,3700,0,9048.91,9
0360001417,1,02,P108,08,07,06,05,04,03,3750,3750,0,0,0,0,3668.47,1
0360003608,1,03,P108,09,08,07,06,05,04,0,3700,3700,3700,3700,3700,9098.36,9
0360004923,1,04,P108,10,09,08,07,06,05,3700,3700,3700,3700,3700,3700,10858.69,9
0360008222,1,01,P108,07,06,05,04,03,02,3745,3745,3745,3745,3745,3745,11111.53,9
0360029621,1,02,P108,09,08,07,06,05,04,0,0,0,3748,3748,3748,5529.83,9
0360036512,1,04,P108,08,07,06,05,04,03,3000,3000,3000,3000,3000,3000,8804.34,1
0360048424,1,03,P108,08,07,06,05,04,03,0,0,0,0,3500,3500,3423.91,9
0360048505,1,04,P108,08,07,06,05,04,03,0,0,3700,3700,3700,3700,7239.13,9
0360048819,1,03,P108,09,08,07,06,05,04,0,0,0,0,0,3700,1819.67,9
0360050216,1,03,P108,07,06,05,04,03,02,3700,3700,3700,3700,3700,3700,10978.02,1
0360087205,1,01,P108,07,06,05,04,03,02,3700,3700,3700,0,0,0,5489.01,2
0360122514,1,03,P108,08,07,06,05,04,03,0,0,0,0,3600,3600,3521.73,9
0360162623,1,03,P108,09,08,07,06,05,04,0,0,0,4800,0,4800,4721.31,9
0400023306,1,03,P108,08,07,06,05,04,03,0,3748,3600,3600,3600,3600,8876.73,9
0400062403,1,03,P108,08,07,06,05,04,03,3600,3600,3600,3600,3600,3600,10565.21,1
0400084503,1,03,P108,08,07,06,05,04,03,0,3600,3600,3600,3600,3600,8804.34,9
0400103404,1,03,P108,10,09,08,07,06,05,3748,0,0,0,0,0,1833.26,1
0400161204,1,01,P108,07,06,05,04,03,02,0,0,0,0,0,3600,1780.21,8
0400161204,1,02,P108,07,06,05,04,03,02,3600,3600,3600,3600,3600,3600,10681.31,8
0400186505,1,02,P108,08,07,06,05,04,03,3748,3748,3748,3748,3748,0,9166.3,9
0400195304,1,04,P108,08,07,06,05,04,03,3745,3745,3745,3745,3745,3745,10990.76,9
0400198804,1,02,P108,09,08,07,06,05,04,3600,3600,3600,3600,3600,3600,10622.95,1
0400201001,1,03,P108,10,09,08,07,06,05,0,0,3700,3700,3700,3700,7239.13,9
0400231702,1,04,P108,09,08,07,06,05,04,0,0,0,3800,3800,3800,5606.55,9
0400256403,1,02,P108,08,07,06,05,04,03,0,0,0,3780,3780,3780,5546.73,8
0400372306,1,03,P108,08,07,06,05,04,03,0,0,3200,3200,3200,3200,6260.86,9
0400448605,1,01,P108,09,08,07,06,05,04,0,3748,3748,3748,3748,3748,9216.39,9
0400509705,1,02,P108,09,08,07,06,05,04,5000,5000,5000,0,0,0,7377.04,9
0400509706,1,03,P108,09,08,07,06,05,04,3800,3800,3800,3800,3800,3800,11213.11,9
0400550204,1,01,P108,07,06,05,04,03,02,3748,3748,3748,3748,3748,3748,11120.43,9
0400615802,1,03,P108,09,08,07,06,05,04,0,0,0,3600,3600,3600,5311.47,9
0400627404,1,03,P108,08,07,06,05,04,03,0,0,0,3748,3748,3748,5499.78,9
0400990305,1,02,P108,08,07,06,05,04,03,0,0,0,0,0,3700,1809.78,9
0401095819,1,01,P108,09,08,07,06,05,04,3700,0,0,0,0,0,1819.67,9
0401096312,1,02,P108,08,07,06,05,04,03,3700,3700,3700,3700,3700,3700,10858.69,1
0401096813,1,03,P108,09,08,07,06,05,04,0,0,3500,3500,3500,3500,6885.24,9
0401110901,1,02,P108,10,09,08,07,06,05,2750,2750,2750,2750,2750,2750,8070.65,9
0401152806,1,03,P108,09,08,07,06,05,04,3200,3200,3200,3200,3200,3200,9442.62,1
0401152818,1,02,P108,09,08,07,06,05,04,3700,3700,3700,3700,3700,3700,10918.03,9
0401154309,1,03,P108,08,07,06,05,04,03,0,0,0,0,0,3000,1467.39,9
0401154317,1,02,P108,08,07,06,05,04,03,0,0,0,0,0,3600,1760.86,9
0401197318,1,03,P108,08,07,06,05,04,03,0,0,0,3600,3600,3600,5282.6,9
0401197322,1,03,P108,08,07,06,05,04,03,3900,0,0,0,0,0,1907.6,1
0401214205,1,03,P108,07,06,05,04,03,02,0,0,0,0,3700,3600,3609.89,9
0401214519,1,02,P108,08,07,06,05,04,03,0,0,0,3748,3748,3748,5499.78,9
0401214519,1,05,P108,08,07,06,05,04,03,0,3648,3648,3648,3648,3648,8921.73,9
0401214604,1,02,P108,09,08,07,06,05,04,0,0,3700,3700,3700,3700,7278.68,8
0401214620,1,02,P108,09,08,07,06,05,04,0,0,3700,3700,3700,3700,7278.68,8
0401236518,1,03,P108,08,07,06,05,04,03,0,3748,3748,3748,3748,3748,9166.3,9
0401236522,1,02,P108,08,07,06,05,04,03,0,0,0,0,0,3748,1833.26,9
0401236816,1,04,P108,09,08,07,06,05,04,3700,3700,3700,3700,3700,3700,10918.03,9
0401239413,1,02,P108,08,07,06,05,04,03,0,3600,3600,3600,3600,3600,8804.34,9
0401240503,1,03,P108,08,07,06,05,04,03,3748,3748,3748,3748,3748,3748,10999.56,9
0401288619,1,03,P108,09,08,07,06,05,04,3700,3700,3700,3700,3700,3700,10918.03,1
0401288808,1,02,P108,09,08,07,06,05,04,3700,3700,3700,3700,3700,3700,10918.03,1
0401300209,1,04,P108,07,06,05,04,03,02,3600,3600,3600,3600,3600,3600,10681.31,1
0401330703,1,02,P108,09,08,07,06,05,04,3750,3750,3750,3750,3750,3750,11065.57,9
0401396423,1,03,P108,08,07,06,05,04,03,3780,3780,3780,3780,3780,3780,11093.47,1
0401396806,1,03,P108,09,08,07,06,05,04,0,0,0,0,4800,0,2360.65,9
0401396920,1,02,P108,10,09,08,07,06,05,3700,3700,3700,3700,3700,3700,10858.69,1
0401403006,1,02,P108,10,09,08,07,06,05,0,0,0,0,3600,3600,3521.73,9
0401403203,1,01,P108,07,06,05,04,03,02,3700,3700,3700,0,0,0,5489.01,1
0401403203,1,02,P108,07,06,05,04,03,02,3700,3700,3700,0,0,0,5489.01,1
0401403704,1,02,P108,09,08,07,06,05,04,3700,3700,3700,3700,3700,0,9098.36,1
0401417804,1,04,P108,09,08,07,06,05,04,1800,1800,1800,1800,1800,1800,5311.47,1
0401435222,1,02,P108,07,06,05,04,03,02,3700,3700,3700,3700,3700,3700,10978.02,1
0401435715,1,02,P108,09,08,07,06,05,04,0,3700,3700,3700,3700,3700,9098.36,9
0401444216,1,01,P108,07,06,05,04,03,02,0,0,0,0,0,3749,1853.9,9
0401444216,2,01,P108,07,06,05,04,03,02,0,3700,3700,0,3700,3700,7318.68,9
0401497307,1,01,P108,08,07,06,05,04,03,3700,3700,3700,3700,3700,3700,10858.69,9
0401497914,1,03,P108,10,09,08,07,06,05,600,500,600,600,600,600,1711.95,9
0401517602,1,02,P108,09,08,07,06,05,04,3750,3750,3750,3750,3750,0,9221.31,9
0460015709,1,02,P108,09,08,07,06,05,04,0,0,1800,3600,3600,3600,6196.72,9
0460060208,1,04,P108,07,06,05,04,03,02,0,0,0,0,0,3740,1849.45,9
0460060520,1,01,P108,08,07,06,05,04,03,0,0,2000,2000,2000,2000,3913.04,9
0460064904,1,02,P108,10,09,08,07,06,05,3700,3700,3700,3700,3700,3700,10858.69,1
0460146509,1,07,P108,08,07,06,05,04,03,3000,0,0,0,0,0,1467.39,9
0460156017,1,01,P108,10,09,08,07,06,05,0,0,0,3700,3700,3700,5429.34,9
0460156017,1,02,P108,10,09,08,07,06,05,0,0,0,3700,3700,3700,5429.34,9
0460156021,1,05,P108,10,09,08,07,06,05,3740,3740,0,0,0,0,3658.69,9
0460156516,1,02,P108,08,07,06,05,04,03,0,3600,3600,3600,3600,3600,8804.34,9
0460156703,1,02,P108,09,08,07,06,05,04,3700,3700,3700,0,0,0,5459.01,9
0460156707,1,05,P108,09,08,07,06,05,04,3700,3700,0,0,0,0,3639.34,9
0460166202,1,02,P108,10,09,08,07,06,05,3700,3700,0,0,0,0,3659.34,9
0460166514,1,04,P108,08,07,06,05,04,03,3600,3600,0,0,0,0,3521.73,1
0460171406,1,01,P108,08,07,06,05,04,03,3600,3600,3600,3600,3600,3600,10565.21,9
0460171410,1,01,P108,08,07,06,05,04,03,0,3747,3747,3747,3747,3747,9163.85,9
0460171410,1,02,P108,08,07,06,05,04,03,0,3747,3747,3747,3747,3747,9163.85,9
0460174609,1,02,P108,09,08,07,06,05,04,0,0,0,0,0,3743,1840.81,9
0460174801,1,03,P108,10,09,08,07,06,05,3500,3500,3500,3500,3500,3500,10327.86,1
0460181003,1,04,P108,10,09,08,07,06,05,3600,3600,3600,3600,3600,3600,10565.21,9
0460181006,2,01,P108,10,09,08,07,06,05,0,3700,3700,3700,3700,3700,9048.91,9
0460181521,1,02,P108,08,07,06,05,04,03,0,0,0,0,0,3600,1760.86,9
0460187415,1,02,P108,08,07,06,05,04,03,3600,3600,3600,3600,3600,3600,10565.21,1
0460187419,1,06,P108,08,07,06,05,04,03,3500,3500,3500,3500,3500,3500,10271.73,9
0460187601,1,04,P108,10,09,08,07,06,05,3740,3740,3740,3740,3740,0,9196.72,9
0460197722,1,03,P108,09,08,07,06,05,04,3600,3600,3600,3600,3600,3600,10622.95,9
0460201505,1,02,P108,08,07,06,05,04,03,3700,3700,0,0,0,0,3619.56,9
0460229012,1,03,P108,10,09,08,07,06,05,3600,3600,3600,3600,3600,3600,10565.21,9
0460229014,1,02,P108,10,09,08,07,06,05,3600,3600,3600,3600,3600,3600,10565.21,9
0460256613,1,01,P108,09,08,07,06,05,04,3700,3700,3700,3700,3700,3700,10918.03,1
0460256819,1,02,P108,09,08,07,06,05,04,3700,3700,3700,0,0,0,5459.01,1
0500821706,1,03,P108,09,08,07,06,05,04,0,3600,0,0,3600,0,3540.98,9
0503758403,1,03,P108,08,07,06,05,04,03,0,0,0,0,9200,0,4499.99,9
0504449905,1,04,P108,10,09,08,07,06,05,0,0,0,4800,0,0,2347.82,9
0504515704,1,05,P108,09,08,07,06,05,04,3748,3748,3748,3748,3748,3748,11059.67,9
0560017423,1,04,P108,08,07,06,05,04,03,2300,2300,0,0,0,0,2249.99,9
0600152302,1,01,P108,08,07,06,05,04,03,1000,1000,1000,1000,1000,1000,2934.78,9
0600196904,1,02,P108,10,09,08,07,06,05,0,0,0,3400,3400,3400,4989.13,8
0600244204,1,04,P108,07,06,05,04,03,02,3600,3600,3600,3600,3600,3600,10681.31,9
0600253505,1,02,P108,08,07,06,05,04,03,0,0,3800,3800,3800,0,5576.08,9
0600418701,1,04,P108,09,08,07,06,05,04,0,0,0,0,3600,3600,3540.98,9
0600666201,1,03,P108,07,06,05,04,03,02,3748,3748,3748,3748,3748,3748,11120.43,9
0600716601,1,03,P108,09,08,07,06,05,04,2600,2600,0,0,0,0,2557.37,9
0600890305,1,06,P108,08,07,06,05,04,03,3500,3500,3500,0,0,0,5135.86,1
0601090502,1,03,P108,08,07,06,05,04,03,0,0,0,0,3500,3500,3423.91,9
0601259911,1,02,P108,10,09,08,07,06,05,0,0,0,3200,3200,3200,4695.65,9
0601263202,1,02,P108,07,06,05,04,03,02,0,0,3740,3740,3740,0,5548.35,9
0601321612,1,04,P108,09,08,07,06,05,04,3200,3200,3200,3200,3200,3200,9442.62,9
0601376221,1,02,P108,09,08,07,06,05,04,3600,3600,3600,3600,3600,3600,10681.31,1
0601477603,1,03,P108,09,08,07,06,05,04,0,0,0,0,0,3700,1819.67,9
0601479417,1,04,P108,08,07,06,05,04,03,0,0,0,3748,3748,3748,5499.78,9
0660010708,1,04,P108,09,08,07,06,05,04,0,0,3750,3750,3750,3750,7377.04,8
0660010709,1,03,P108,09,08,07,06,05,04,0,0,0,3750,3750,3750,5532.78,8
0660010709,1,04,P108,09,08,07,06,05,04,0,0,0,0,0,3750,1844.26,8
0660017004,1,03,P108,10,09,08,07,06,05,3748,3748,3748,3748,3748,3748,10999.56,9
0660034415,1,02,P108,08,07,06,05,04,03,0,0,0,3700,3700,3700,5429.34,9
0660050510,1,04,P108,08,07,06,05,04,03,0,3700,3700,3700,3700,3700,9048.91,1
0660050510,1,05,P108,08,07,06,05,04,03,3700,3700,3700,3700,3700,3700,10858.69,1
0660050818,1,01,P108,09,08,07,06,05,04,0,0,0,3748,3748,3748,5529.83,9
0700257301,1,02,P108,08,07,06,05,04,03,0,0,0,0,1800,3600,2641.3,8
0700257303,1,02,P108,08,07,06,05,04,03,3600,3600,3600,3600,0,0,7043.47,9
0700459202,1,03,P108,07,06,05,04,03,02,3600,3600,3600,3600,3600,3600,10681.31,9
0701695606,1,02,P108,09,08,07,06,05,04,3700,3700,3700,3700,3700,3700,10918.03,1
0702478710,1,02,P108,09,08,07,06,05,04,3800,3800,3800,3800,3800,3800,11213.11,1
0702600405,1,03,P108,08,07,06,05,04,03,0,0,0,0,3000,3000,2934.78,9
0702898802,1,07,P108,09,08,07,06,05,04,0,3700,3700,3700,3700,3700,9098.36,9
0702898908,1,02,P108,10,09,08,07,06,05,3743,3743,3743,3743,3743,3743,10984.89,9
0702898908,1,04,P108,10,09,08,07,06,05,3743,3743,3743,0,0,0,5492.44,9
0702931403,1,06,P108,08,07,06,05,04,03,0,0,0,0,0,3600,1760.86,9
0703122606,1,02,P108,09,08,07,06,05,04,3750,3750,3750,3750,3750,0,9221.31,9
0703145212,1,04,P108,07,06,05,04,03,02,0,0,0,3600,3600,3600,5340.65,9
0703317518,1,03,P108,08,07,06,05,04,03,3740,3740,3740,3740,3740,3740,10976.08,2
0703317623,1,03,P108,09,08,07,06,05,04,0,0,0,0,3745,3745,3683.6,9
0703330307,1,04,P108,08,07,06,05,04,03,0,0,0,0,3600,3600,3521.73,9
0703359209,2,01,P108,07,06,05,04,03,02,0,0,0,3748,3748,3600,5487.03,8
0703359209,2,02,P108,07,06,05,04,03,02,0,0,0,3700,3700,3600,5439.56,8
0703619906,1,04,P108,10,09,08,07,06,05,0,0,0,0,0,3748,1833.26,9
0704031001,1,04,P108,10,09,08,07,06,05,0,0,0,3600,0,0,1760.86,9
0704306013,1,02,P108,10,09,08,07,06,05,0,0,0,0,3700,3700,3619.56,8
0704306703,1,03,P108,09,08,07,06,05,04,0,0,3700,3700,3700,0,5459.01,9
0704339015,1,03,P108,10,09,08,07,06,05,0,0,0,0,3500,3500,3423.91,9
0704339015,1,04,P108,10,09,08,07,06,05,3500,3500,3500,3500,3500,3500,10271.73,1
0704339905,1,02,P108,10,09,08,07,06,05,0,3700,3700,3700,3700,3700,9048.91,1
0704478501,1,02,P108,08,07,06,05,04,03,0,0,3748,3748,3748,3748,7333.04,9
0704519415,1,02,P108,08,07,06,05,04,03,3700,3700,3700,3700,0,0,7239.13,1
0704519609,1,01,P108,09,08,07,06,05,04,3748,3748,3748,3748,3748,3748,11059.67,1
0704519621,1,03,P108,09,08,07,06,05,04,3748,3748,3748,3748,3748,3748,11059.67,9
0704519822,1,04,P108,09,08,07,06,05,04,3700,3700,0,0,0,0,3639.34,9
0704519822,1,05,P108,09,08,07,06,05,04,3700,3700,3700,3700,0,0,7278.68,9
0704533018,1,01,P108,10,09,08,07,06,05,0,0,0,0,0,3740,1829.34,9
0704533724,1,04,P108,09,08,07,06,05,04,0,0,0,0,3748,0,1843.27,9
0760021706,1,02,P108,09,08,07,06,05,04,3748,3748,3748,3748,3748,3748,11059.67,9
0760021714,1,04,P108,09,08,07,06,05,04,3748,3748,3748,3748,3748,3748,11059.67,9
0760050502,1,03,P108,08,07,06,05,04,03,3700,3700,3700,0,0,0,5429.34,9
0760050615,1,02,P108,09,08,07,06,05,04,3748,3748,3748,3748,3748,3748,11059.67,9
0760050623,1,07,P108,09,08,07,06,05,04,3600,3600,3600,3600,3600,3600,10622.95,9
0760050816,1,02,P108,09,08,07,06,05,04,0,0,0,0,0,2600,1278.68,8
0760375004,1,04,P108,10,09,08,07,06,05,0,3748,3748,3748,3748,3748,9166.3,9
0760396516,1,02,P108,08,07,06,05,04,03,0,0,0,3500,3500,3500,5135.86,8
0760417408,1,03,P108,08,07,06,05,04,03,3700,3700,3700,3700,3700,3700,10858.69,9
0760456303,1,03,P108,08,07,06,05,04,03,0,0,0,0,3600,3600,3521.73,9
0760590013,1,02,P108,10,09,08,07,06,05,0,3748,3748,3748,3748,3748,9166.3,9
0760590015,2,01,P108,10,09,08,07,06,05,0,0,3748,3748,3748,3748,7333.04,9
0760604703,1,05,P108,09,08,07,06,05,04,0,0,0,0,0,3700,1819.67,8
0760843315,1,03,P108,08,07,06,05,04,03,2000,2000,2000,2000,2000,2000,5869.56,9
0760843315,1,04,P108,08,07,06,05,04,03,2000,2000,2000,2000,2000,2000,5869.56,9
0760843907,1,02,P108,10,09,08,07,06,05,0,0,3700,3700,3700,3700,7239.13,9
0761220411,1,03,P108,08,07,06,05,04,03,3500,3500,3500,3500,3500,3500,10271.73,9
0761220415,1,03,P108,08,07,06,05,04,03,0,0,0,3600,0,0,1760.86,9
0761220916,1,03,P108,10,09,08,07,06,05,3748,3748,3748,3748,3748,3748,10999.56,9
0761262212,1,04,P108,07,06,05,04,03,02,3700,3700,3700,3700,3700,3700,10978.02,9
0761262215,1,03,P108,07,06,05,04,03,02,3700,3700,3700,3700,3700,3700,10978.02,9
0761262718,1,07,P108,09,08,07,06,05,04,3748,3748,3748,3748,3748,3748,11059.67,9
0761262718,1,12,P108,09,08,07,06,05,04,1874,1874,1874,1874,1874,1874,5529.83,9
0761408504,1,04,P108,08,07,06,05,04,03,3748,3748,3748,3748,3748,3748,10999.56,1
0761592503,1,03,P108,08,07,06,05,04,03,3748,3748,3748,3748,3748,3748,10999.56,1
0761592714,1,03,P108,09,08,07,06,05,04,3748,3748,3748,3748,3748,3748,11059.67,1
0761891507,1,03,P108,08,07,06,05,04,03,3600,3600,3600,3600,3600,3600,10565.21,9
0761891510,1,05,P108,08,07,06,05,04,03,3700,3700,3700,3700,3700,3700,10858.69,9
0761984321,1,01,P108,08,07,06,05,04,03,5000,4000,4000,5000,4000,5000,13206.52,9
0762085606,1,02,P108,09,08,07,06,05,04,3600,3600,3600,3600,3600,3600,10622.95,9
0762093505,1,03,P108,10,09,08,07,06,05,7400,0,0,0,0,0,3619.56,9
0762315419,1,06,P108,08,07,06,05,04,03,4500,4500,0,0,0,0,4402.17,1
0762315421,1,02,P108,08,07,06,05,04,03,3700,0,0,0,0,0,1809.78,9
0762360404,1,03,P108,08,07,06,05,04,03,3700,3700,3700,3700,3700,3700,10858.69,1
0762420511,1,03,P108,08,07,06,05,04,03,0,0,0,0,3700,3700,3619.56,9
0762420618,1,04,P108,09,08,07,06,05,04,0,0,0,0,3600,0,1770.49,9
0762420704,1,01,P108,09,08,07,06,05,04,0,0,0,0,3748,0,1843.27,9
0762420704,1,02,P108,09,08,07,06,05,04,0,0,0,0,3748,0,1843.27,9
0762420822,1,02,P108,09,08,07,06,05,04,0,0,0,0,0,3600,1770.49,9
0762530409,1,03,P108,08,07,06,05,04,03,0,3600,3600,3600,3600,3600,8804.34,9
0762530410,1,03,P108,08,07,06,05,04,03,0,0,0,3500,3500,3500,5135.86,9
0762530801,1,04,P108,09,08,07,06,05,04,3700,3700,3700,3700,0,0,7278.68,9
0762530804,1,01,P108,09,08,07,06,05,04,3700,3700,3700,0,0,0,5459.01,9
0762577709,1,03,P108,09,08,07,06,05,04,3748,3748,3748,3748,0,0,7373.11,9
0803520205,1,02,P108,07,06,05,04,03,02,0,0,3600,3600,3600,3600,7120.87,9
0803524703,1,05,P108,09,08,07,06,05,04,3700,3700,0,0,0,0,3639.34,9
0803589001,1,02,P108,10,09,08,07,06,05,0,0,0,2900,0,0,1418.47,9
0807610204,1,03,P108,07,06,05,04,03,02,0,0,3000,0,0,0,1483.51,9
0860200617,1,01,P108,09,08,07,06,05,04,0,3700,3700,3700,3700,3700,9098.36,9
0860539211,1,01,P108,07,06,05,04,03,02,3700,3700,3700,3700,3700,3700,10978.02,9
0860540607,1,05,P108,09,08,07,06,05,04,3200,0,0,0,0,0,1573.77,9
0860597507,1,04,P108,08,07,06,05,04,03,3700,3700,3700,3700,3700,3700,10858.69,9
0860777709,1,04,P108,09,08,07,06,05,04,3700,3700,3700,3700,3700,3700,10918.03,9
0860885815,1,03,P108,09,08,07,06,05,04,0,0,3700,3700,3700,3700,7278.68,9
0860903514,1,01,P108,08,07,06,05,04,03,3700,0,3700,0,0,0,3619.56,9
0860919521,1,02,P108,08,07,06,05,04,03,0,0,3600,3600,3600,3600,7043.47,9
0911096605,1,03,P108,09,08,07,06,05,04,0,0,0,0,0,6000,2950.81,9
0914840902,1,05,P108,10,09,08,07,06,05,0,0,3700,3700,3700,0,5429.34,9
0917641902,1,03,P108,10,09,08,07,06,05,0,0,0,3600,3600,3600,5282.6,9
0917641905,1,04,P108,10,09,08,07,06,05,3750,3750,3750,3750,3750,3750,11005.43,1
0960032815,1,03,P108,09,08,07,06,05,04,0,0,3600,3600,3600,3600,7081.96,1
1000253801,1,01,P108,09,08,07,06,05,04,0,0,0,4000,4000,4000,5901.63,9
1000594205,2,01,P108,07,06,05,04,03,02,0,0,3600,3600,3600,3600,7120.87,9
1001268805,1,04,P108,09,08,07,06,05,04,3700,3700,3700,0,0,0,5459.01,1
1002080305,1,04,P108,08,07,06,05,04,03,0,4800,0,0,4800,0,4695.65,9
1003423414,1,03,P108,08,07,06,05,04,03,3750,0,0,0,0,0,1834.23,9
1003450619,1,03,P108,09,08,07,06,05,04,1000,1000,1000,1000,1000,1000,2950.81,9
1060193518,1,03,P108,10,09,08,07,06,05,3700,3700,3700,3700,3700,3700,10858.69,9
1060229215,1,03,P108,07,06,05,04,03,02,3747,3747,3747,3747,3747,3747,11117.47,9
1060385401,1,03,P108,08,07,06,05,04,03,3700,3700,3700,3700,3700,3700,10858.69,9
1060448623,1,02,P108,09,08,07,06,05,04,3700,3700,3700,3700,3700,3700,10918.03,1
1060477911,1,03,P108,10,09,08,07,06,05,3740,3740,3740,3740,3740,3740,10976.08,9
1107808617,1,03,P108,09,08,07,06,05,04,3500,3500,3500,3500,3500,3500,10327.86,9
1108651804,1,02,P108,09,08,07,06,05,04,3748,3748,3748,3748,3748,3748,11059.67,9
1160195212,1,04,P108,07,06,05,04,03,02,4000,0,0,0,0,0,1978.02,1
1161550607,1,04,P108,09,08,07,06,05,04,3748,3748,3748,3748,3748,3748,11059.67,9
1161845624,1,02,P108,09,08,07,06,05,04,3748,3748,3748,3748,3748,3748,11059.67,9
1200814805,1,03,P108,09,08,07,06,05,04,3748,3748,3748,3748,3748,3748,11059.67,9
1202127601,1,04,P108,09,08,07,06,05,04,3600,3600,3600,3600,3600,3600,10622.95,9
1202325606,1,01,P108,09,08,07,06,05,04,3748,3748,3748,3748,3745,3748,11058.19,9
1202398806,1,02,P108,09,08,07,06,05,04,0,0,0,3000,3000,3000,4426.22,9
1202412705,1,01,P108,09,08,07,06,05,04,3748,3748,3748,3748,3748,3748,11059.67,9
1203005202,1,01,P108,07,06,05,04,03,02,3700,3700,3700,3700,3700,3700,10978.02,2
1203308602,1,03,P108,09,08,07,06,05,04,0,0,3600,3600,3600,3600,7081.96,9
1203327007,1,04,P108,10,09,08,07,06,05,3600,3600,3600,3600,3600,3600,10565.21,1
1203453001,1,04,P108,10,09,08,07,06,05,3700,3700,3700,3700,3700,3700,10858.69,9
1203453723,1,04,P108,09,08,07,06,05,04,3748,3748,3748,3748,3748,3748,11059.67,9
1203550522,1,05,P108,08,07,06,05,04,03,3800,3800,3800,3800,3800,3800,11152.17,9
1203550619,1,01,P108,09,08,07,06,05,04,0,3748,3748,3748,3748,3748,9216.39,9
1203550820,1,03,P108,09,08,07,06,05,04,0,3600,3600,3600,3600,3600,8852.45,9
1203587209,1,03,P108,07,06,05,04,03,02,3740,3740,3740,3740,3740,3740,11096.7,9
1203958818,1,04,P108,09,08,07,06,05,04,3600,3600,3600,3600,3600,0,8852.45,9
1203958904,1,02,P108,10,09,08,07,06,05,3800,3800,3800,3800,3800,3800,11152.17,9
1203958924,1,01,P108,10,09,08,07,06,05,3600,3600,3600,3600,3600,3600,10565.21,9
1204410711,1,02,P108,09,08,07,06,05,04,0,0,3200,5200,0,0,4131.14,9
1204471603,1,06,P108,09,08,07,06,05,04,3600,0,0,0,0,0,1770.49,9
1204632023,1,02,P108,10,09,08,07,06,05,0,3700,3700,3700,3700,3700,9048.91,8
1204632318,1,03,P108,08,07,06,05,04,03,3700,3700,3700,0,0,0,5429.34,9
1204646413,1,03,P108,08,07,06,05,04,03,0,0,2600,2600,2600,2600,5086.95,9
1204857517,1,02,P108,10,09,08,07,06,05,3700,3700,3700,3700,3700,3700,10858.69,9
1260094019,1,08,P108,10,09,08,07,06,05,3700,3700,3700,3700,3700,3700,10858.69,9
1260094315,1,01,P108,08,07,06,05,04,03,0,0,0,0,3700,3700,3619.56,9
1260110320,1,03,P108,08,07,06,05,04,03,3700,0,0,0,0,0,1809.78,9
1260110323,1,02,P108,08,07,06,05,04,03,3700,3700,0,0,0,0,3619.56,9
1260111907,1,02,P108,10,09,08,07,06,05,3700,3700,3700,3700,3700,3700,10858.69,9
1260148211,1,03,P108,07,06,05,04,03,02,0,0,0,3600,3600,3600,5340.65,9
1260181516,1,03,P108,08,07,06,05,04,03,0,0,3600,3600,3600,3600,7043.47,9
1260181520,1,03,P108,08,07,06,05,04,03,3746,3746,3746,3746,3746,3746,10993.69,9
1260185212,3,01,P108,07,06,05,04,03,02,3600,3600,3600,3600,3600,3600,10681.31,9
1260264320,1,03,P108,08,07,06,05,04,03,3749,3749,3749,3749,3749,3749,11002.49,1
1260515903,1,04,P108,10,09,08,07,06,05,0,0,0,3700,3700,3700,5429.34,9
1260534508,1,05,P108,08,07,06,05,04,03,0,0,3200,0,0,0,1565.21,9
1260534702,1,04,P108,09,08,07,06,05,04,0,0,0,0,3600,0,1770.49,9
1260602912,1,03,P108,10,09,08,07,06,05,0,0,0,3750,3750,3750,5502.71,9
1260624202,1,03,P108,07,06,05,04,03,02,4800,4800,4800,4800,4800,4800,14241.75,9
1260660703,1,06,P108,09,08,07,06,05,04,3700,3700,0,0,0,0,3639.34,1
1260687410,1,03,P108,08,07,06,05,04,03,3700,3700,3700,3700,3700,3700,10858.69,8
1260687410,1,04,P108,08,07,06,05,04,03,3700,3700,3700,3700,3700,3700,10858.69,8
1260719311,1,02,P108,08,07,06,05,04,03,3748,3748,3748,3748,3748,3748,10999.56,9
1260719902,1,04,P108,10,09,08,07,06,05,3700,3700,7000,3700,3700,3700,12472.82,9
1260960220,1,03,P108,07,06,05,04,03,02,0,0,0,3700,3700,3700,5489.01,9
1260960903,1,03,P108,10,09,08,07,06,05,0,0,0,0,4800,0,2347.82,9
1261072415,1,04,P108,08,07,06,05,04,03,0,3750,3750,3750,3750,3750,9171.19,9
1261405205,1,02,P108,07,06,05,04,03,02,0,0,3600,3600,3600,3600,7120.87,9
1261405513,1,04,P108,08,07,06,05,04,03,0,3600,3600,3600,3600,3600,8804.34,9
1261405513,1,05,P108,08,07,06,05,04,03,3600,3600,3600,3800,3600,3600,10663.04,9
1261405712,1,01,P108,09,08,07,06,05,04,0,0,3700,3700,3700,3700,7278.68,9
1261508408,1,03,P108,08,07,06,05,04,03,0,3600,3600,3600,3600,3600,8804.34,9
1261521206,1,03,P108,07,06,05,04,03,02,0,0,0,0,3700,3600,3609.89,9
1261521206,1,04,P108,07,06,05,04,03,02,3700,3700,3700,3700,0,0,7318.68,9
1261521210,1,04,P108,07,06,05,04,03,02,3732,3732,3732,0,0,0,5536.48,9
1261640816,1,02,P108,09,08,07,06,05,04,0,0,0,0,3748,3748,3686.55,9
1261641320,1,03,P108,08,07,06,05,04,03,3700,0,0,0,0,0,1809.78,9
1261671924,1,03,P108,10,09,08,07,06,05,3700,0,0,0,0,0,1809.78,9
1261672009,1,02,P108,10,09,08,07,06,05,0,0,0,3700,0,0,1809.78,9
1300807203,1,04,P108,07,06,05,04,03,02,0,0,3700,0,0,0,1829.67,9
1300835502,1,02,P108,08,07,06,05,04,03,0,0,0,0,3750,0,1834.23,9
1300845804,1,04,P108,09,08,07,06,05,04,0,3600,3600,3600,3600,3600,8852.45,9
1301419304,1,03,P108,08,07,06,05,04,03,3600,3600,3600,3600,3600,3600,10565.21,9
1301419305,1,01,P108,08,07,06,05,04,03,0,0,3600,3600,3600,3600,7043.47,9
1301531006,1,04,P108,10,09,08,07,06,05,0,0,4800,0,0,4800,4695.65,9
1301599804,1,02,P108,09,08,07,06,05,04,0,0,0,0,3700,3700,3639.34,9
1302454414,1,03,P108,08,07,06,05,04,03,0,0,0,6000,0,0,2934.78,9
1360270907,1,05,P108,10,09,08,07,06,05,0,0,4800,0,4800,0,4695.65,9
1360449504,1,03,P108,08,07,06,05,04,03,4000,4000,4000,4000,4000,4000,11739.13,9
1360495512,1,03,P108,08,07,06,05,04,03,0,0,3700,3700,3700,3700,7239.13,9
1360496414,1,03,P108,08,07,06,05,04,03,0,3600,3600,3600,0,0,5282.6,9
1360793015,1,03,P108,10,09,08,07,06,05,0,3200,3200,3200,3200,3200,7826.08,9
1360793307,1,05,P108,08,07,06,05,04,03,3700,0,0,0,0,0,1809.78,9
1360793904,1,03,P108,10,09,08,07,06,05,0,0,3600,3600,3600,3600,7043.47,9
1360793904,1,04,P108,10,09,08,07,06,05,0,0,3600,3600,3600,3600,7043.47,9
1361074203,1,03,P108,07,06,05,04,03,02,0,0,4800,0,4800,0,4747.25,9
1361074203,1,04,P108,07,06,05,04,03,02,0,4800,0,4800,0,4800,7120.87,9
1361074204,1,03,P108,07,06,05,04,03,02,0,0,4800,0,0,4800,4747.25,9
1361074204,1,04,P108,07,06,05,04,03,02,0,0,4800,0,0,4800,4747.25,9
1361425814,1,03,P108,09,08,07,06,05,04,3600,3600,3600,3600,3600,3600,10622.95,1
1361532422,1,03,P108,08,07,06,05,04,03,3759,3759,3759,3759,3759,0,9193.2,9
1361556523,1,02,P108,08,07,06,05,04,03,3700,3700,3700,3700,3700,3700,10858.69,1
1409730616,1,03,P108,09,08,07,06,05,04,0,0,0,0,0,3600,1770.49,9
1413394406,1,03,P108,08,07,06,05,04,03,3600,3600,3600,3600,3600,3600,10565.21,2
1460017210,1,04,P108,07,06,05,04,03,02,3748,3748,3748,3748,3748,3648,11070.98,1
1460017210,1,05,P108,07,06,05,04,03,02,3748,3748,3748,3748,3748,3748,11120.43,1
1460578607,1,05,P108,09,08,07,06,05,04,3600,3600,3600,3600,3600,3600,10622.95,1
1460578609,1,05,P108,09,08,07,06,05,04,3700,3700,0,0,0,0,3639.34,9
1502397703,1,04,P108,09,08,07,06,05,04,3700,3700,3700,3700,3700,3700,10918.03,1
1519357904,1,04,P108,10,09,08,07,06,05,0,3600,3600,3600,3600,3600,8804.34,9
1519593301,1,03,P108,08,07,06,05,04,03,0,0,0,0,3740,3740,3658.69,9
1525015803,1,03,P108,09,08,07,06,05,04,0,3600,3600,3600,3600,3600,8852.45,9
1526359914,1,03,P108,10,09,08,07,06,05,3600,3600,3600,3600,3600,3600,10565.21,9
1528048805,1,05,P108,09,08,07,06,05,04,0,4800,0,4800,0,4800,7081.96,9
1560384903,1,03,P108,10,09,08,07,06,05,3750,3750,3750,3750,3750,3750,11005.43,9
1560494803,1,02,P108,09,08,07,06,05,04,3780,3780,3780,3780,3780,3780,11154.09,9
1560693412,1,02,P108,08,07,06,05,04,03,3600,3600,3600,3600,3600,3600,10565.21,9
1561155205,1,04,P108,07,06,05,04,03,02,4900,0,4900,0,4900,0,7269.23,9
1561875518,1,01,P108,08,07,06,05,04,03,0,0,3700,3700,3700,3700,7239.13,9
1562146401,1,02,P108,10,09,08,07,06,05,0,0,0,3700,3700,3700,5429.34,9
1562235313,1,04,P108,08,07,06,05,04,03,0,0,3700,3700,3700,3700,7239.13,9
1600482501,1,04,P108,08,07,06,05,04,03,0,0,3700,3700,3700,3700,7239.13,9
1603872404,1,04,P108,08,07,06,05,04,03,3700,3700,3700,3700,3700,3700,10858.69,9
1603872404,1,05,P108,08,07,06,05,04,03,3700,3700,3700,3700,3700,3700,10858.69,1
1604684414,1,03,P108,08,07,06,05,04,03,0,0,0,3100,0,3100,3032.6,9
1604684414,1,05,P108,08,07,06,05,04,03,0,3100,0,3100,0,3100,4548.91,9
1604836005,1,03,P108,10,09,08,07,06,05,0,0,0,0,0,3600,1760.86,9
1604836508,1,01,P108,08,07,06,05,04,03,3700,3700,3700,3700,3700,3700,10858.69,9
1604955411,1,02,P108,08,07,06,05,04,03,0,0,0,0,0,3600,1760.86,9
1604955621,1,03,P108,09,08,07,06,05,04,3700,3700,3700,3700,3700,3700,10918.03,9
1604955621,1,07,P108,09,08,07,06,05,04,3600,3600,3600,3600,3600,3600,10622.95,9
1605476721,1,03,P108,09,08,07,06,05,04,0,0,3700,3700,3700,3700,7278.68,9
1605480704,1,02,P108,09,08,07,06,05,04,0,3700,0,0,0,0,1819.67,9
1605480724,1,01,P108,09,08,07,06,05,04,0,0,0,3700,3700,3700,5459.01,8
1605629220,1,03,P108,07,06,05,04,03,02,3400,3400,3400,3400,3400,3400,10087.91,9
1605707011,1,02,P108,10,09,08,07,06,05,0,3750,3750,3750,3750,3750,9171.19,9
1660960808,1,02,P108,09,08,07,06,05,04,3700,3700,0,0,0,0,3639.34,1
1660991718,1,03,P108,09,08,07,06,05,04,3600,3600,3600,3600,3600,3600,10622.95,1
1661120421,1,02,P108,08,07,06,05,04,03,3600,3600,3600,3600,0,0,7043.47,1
1661120421,1,03,P108,08,07,06,05,04,03,3600,0,0,0,0,0,1760.86,1
1661120424,1,02,P108,08,07,06,05,04,03,0,0,3600,0,3600,3600,5282.6,9
1661120609,1,03,P108,09,08,07,06,05,04,0,0,0,0,3600,3600,3540.98,9
1661123502,1,02,P108,08,07,06,05,04,03,3740,3740,3740,3740,3740,3740,10976.08,9
1661123502,1,03,P108,08,07,06,05,04,03,0,3700,3700,3700,3700,3700,9048.91,9
1661123502,1,04,P108,08,07,06,05,04,03,3700,3700,3700,3700,3700,3700,10858.69,9
1661263021,1,01,P108,10,09,08,07,06,05,0,0,0,0,3500,3500,3423.91,9
1661457306,1,03,P108,08,07,06,05,04,03,0,0,3700,3700,3700,3700,7239.13,9
1661550217,1,01,P108,08,07,06,05,04,03,3700,3700,3700,3700,0,0,7318.68,9
1661552615,1,03,P108,10,09,08,07,06,05,0,3000,3000,3000,3000,3000,7377.04,9
1661552615,1,04,P108,10,09,08,07,06,05,0,3000,3000,3000,3000,3000,7377.04,9
1661552819,1,04,P108,10,09,08,07,06,05,3700,3700,3700,3700,0,0,7278.68,9
1661616315,1,03,P108,08,07,06,05,04,03,1700,1700,1700,1700,1700,0,4157.6,9
1700115006,1,04,P108,10,09,08,07,06,05,0,0,0,0,0,3600,1760.86,9
1700261502,1,06,P108,08,07,06,05,04,03,3800,3800,3800,3800,3800,3800,11152.17,9
1700447906,1,02,P108,10,09,08,07,06,05,0,0,0,3000,0,0,1467.39,9
1700939403,1,03,P108,08,07,06,05,04,03,0,1600,0,0,800,0,1173.91,9
1701816402,1,02,P108,08,07,06,05,04,03,0,0,0,0,0,3600,1760.86,9
1701848305,1,02,P108,08,07,06,05,04,03,0,0,0,3750,3750,3750,5502.71,9
1701915502,1,03,P108,08,07,06,05,04,03,0,0,0,0,0,3600,1760.86,9
1702050302,1,03,P108,08,07,06,05,04,03,3700,3700,3700,3700,3700,3700,10858.69,9
1702169603,1,03,P108,09,08,07,06,05,04,0,0,0,0,0,3600,1770.49,9
1702190301,1,04,P108,08,07,06,05,04,03,3200,3200,3200,3200,3200,3200,9391.3,9
1702778602,1,03,P108,09,08,07,06,05,04,4000,4000,4000,4000,0,0,7868.85,1
1702778602,1,04,P108,09,08,07,06,05,04,4000,0,0,0,0,0,1967.21,1
1702966321,1,04,P108,08,07,06,05,04,03,3700,3700,3700,3700,3700,3700,10858.69,1
1703015622,1,02,P108,09,08,07,06,05,04,3700,3700,3700,0,0,0,5459.01,9
1703067011,1,05,P108,10,09,08,07,06,05,2400,2400,2400,2400,2400,2400,7043.47,9
1760010517,1,03,P108,08,07,06,05,04,03,3748,3748,3748,3748,3748,0,9166.3,1
1760071022,1,03,P108,10,09,08,07,06,05,3748,3748,3748,3748,3748,3748,10999.56,2
1760071909,1,02,P108,10,09,08,07,06,05,0,0,0,3600,3600,3600,5282.6,8
1760081707,1,02,P108,09,08,07,06,05,04,0,0,0,3600,3600,3600,5311.47,9
1760100009,1,03,P108,10,09,08,07,06,05,3600,0,3600,0,3600,0,5282.6,9
1760100009,1,04,P108,10,09,08,07,06,05,3600,0,3600,0,3600,0,5282.6,9
1760100210,1,01,P108,07,06,05,04,03,02,3740,0,0,0,0,0,1849.45,9
1760100210,1,02,P108,07,06,05,04,03,02,0,0,0,3748,3748,3748,5560.21,9
1760100508,1,03,P108,08,07,06,05,04,03,0,0,0,0,3600,3600,3521.73,9
1760100508,1,06,P108,08,07,06,05,04,03,0,0,0,0,3700,3700,3619.56,9
1760100520,1,03,P108,08,07,06,05,04,03,3700,0,0,0,0,0,1809.78,9
1760100719,1,01,P108,09,08,07,06,05,04,0,0,3000,0,0,0,1475.4,9
1760105721,1,03,P108,09,08,07,06,05,04,0,3700,3700,370,3700,3700,7460.65,8
1760142219,1,02,P108,07,06,05,04,03,02,0,0,0,3600,3600,3600,5340.65,9
1760277613,1,03,P108,09,08,07,06,05,04,3748,3748,0,0,0,0,3686.55,1
1760277613,1,04,P108,09,08,07,06,05,04,3748,3748,0,0,0,0,3686.55,1
1760363021,1,02,P108,10,09,08,07,06,05,0,3740,0,0,0,0,1829.34,9
1760363404,1,04,P108,08,07,06,05,04,03,0,0,0,0,0,3740,1829.34,9
1760363404,1,07,P108,08,07,06,05,04,03,0,3742,3742,3742,3742,3742,9151.63,9
1760432208,1,02,P108,07,06,05,04,03,02,0,3700,3700,3700,3700,3700,9148.35,9
1800388802,1,02,P108,09,08,07,06,05,04,0,4900,4900,4900,4900,4900,12049.18,9
1800396302,1,04,P108,08,07,06,05,04,03,3000,0,0,0,0,0,1467.39,9
1800487903,1,04,P108,10,09,08,07,06,05,3600,3600,3600,3600,3600,3600,10565.21,9
1800567901,1,03,P108,10,09,08,07,06,05,3600,3600,3600,3600,3600,3600,10565.21,9
1800691906,1,03,P108,10,09,08,07,06,05,0,3200,0,0,3200,0,3130.43,9
1800781706,1,03,P108,09,08,07,06,05,04,3700,3700,3700,3700,3700,3700,10918.03,9
1801153505,1,03,P108,08,07,06,05,04,03,3742,3742,3742,3742,3742,3742,10981.95,1
1801267008,1,03,P108,10,09,08,07,06,05,0,0,0,0,0,3700,1809.78,9
1801267016,1,02,P108,10,09,08,07,06,05,0,0,0,3600,3600,3600,5282.6,9
1801267413,1,03,P108,08,07,06,05,04,03,3700,3700,3700,3700,3700,3700,10858.69,9
1801281503,1,02,P108,08,07,06,05,04,03,3748,3748,3748,3748,3748,3748,10999.56,1
1801281523,1,03,P108,08,07,06,05,04,03,0,3700,3700,3700,3700,3700,9048.91,8
1801363014,1,03,P108,10,09,08,07,06,05,0,0,0,0,3400,0,1663.04,9
1801613805,1,02,P108,09,08,07,06,05,04,0,0,0,0,3000,2500,2704.91,9
1801613805,1,04,P108,09,08,07,06,05,04,0,0,0,0,3000,3000,2950.81,9
1801651215,1,03,P108,07,06,05,04,03,02,0,0,0,0,3700,0,1829.67,9
1801701407,1,03,P108,08,07,06,05,04,03,0,0,0,1600,0,0,782.6,9
1801770824,1,03,P108,09,08,07,06,05,04,3600,3600,3600,3600,3600,3600,10622.95,2
1860016513,1,04,P108,08,07,06,05,04,03,0,0,0,0,3700,3700,3619.56,9
1860073211,1,04,P108,07,06,05,04,03,02,3700,3700,3700,3700,3700,3700,10978.02,9
1860089218,1,03,P108,07,06,05,04,03,02,3700,3700,3700,3700,3700,3700,10978.02,1
1860202508,1,02,P108,08,07,06,05,04,03,0,3500,3500,3500,3500,3500,8559.78,9
1860202706,1,05,P108,09,08,07,06,05,04,0,0,3200,3200,3200,0,4721.31,9
1860218313,1,03,P108,08,07,06,05,04,03,3700,3700,3700,3700,3700,3700,10858.69,2
1860218316,1,02,P108,08,07,06,05,04,03,0,3750,3750,3750,3750,3750,9171.19,8
1860218316,1,04,P108,08,07,06,05,04,03,3750,3750,3750,3750,3750,3750,11005.43,1
1860247602,1,02,P108,09,08,07,06,05,04,3700,3700,3700,3700,3700,3700,10918.03,1
1860322711,1,02,P108,09,08,07,06,05,04,3600,3600,3600,3600,3600,3600,10622.95,9
1860324613,1,04,P108,09,08,07,06,05,04,0,3700,3700,3700,3700,3700,9098.36,9
1860324705,1,04,P108,09,08,07,06,05,04,3740,3740,3740,3740,3740,3740,11036.06,1
1860324816,1,03,P108,09,08,07,06,05,04,3600,3600,3600,3600,3600,3600,10622.95,1
1860324821,1,03,P108,09,08,07,06,05,04,3747,0,0,0,0,0,1842.78,2
1860436416,1,03,P108,10,09,08,07,06,05,3700,3700,3700,3700,3700,3700,10858.69,1
1909417301,1,05,P108,08,07,06,05,04,03,3749,3749,3749,3749,3749,3749,11002.49,9
1910351802,1,05,P108,09,08,07,06,05,04,3750,3750,3750,3750,0,0,7377.04,9
1910617813,1,03,P108,09,08,07,06,05,04,0,4000,4000,4000,4000,4000,9836.06,9
1911480320,1,03,P108,08,07,06,05,04,03,0,0,6000,6000,6000,6000,11739.13,9
1960126014,1,01,P108,10,09,08,07,06,05,3600,3600,3600,3600,3600,3600,10565.21,9
1960126014,1,02,P108,10,09,08,07,06,05,3600,3600,3600,3600,3600,3600,10565.21,9
1960126220,1,03,P108,07,06,05,04,03,02,3700,3700,3700,3700,3700,3700,10978.02,1
1960126222,1,03,P108,07,06,05,04,03,02,3700,3700,3700,3700,3700,3700,10978.02,1
1960347715,1,02,P108,09,08,07,06,05,04,0,0,0,0,3500,0,1721.31,9
1960358611,1,02,P108,09,08,07,06,05,04,3000,3000,3000,3000,3000,3000,8852.45,9
1960358611,1,03,P108,09,08,07,06,05,04,3000,3000,3000,3000,3000,3000,8852.45,9
1960377209,1,05,P108,07,06,05,04,03,02,0,0,0,3800,3800,3800,5637.36,9
1960377211,1,03,P108,07,06,05,04,03,02,0,0,1500,1500,1500,1500,2967.03,9
1960532912,1,02,P108,10,09,08,07,06,05,3800,3800,3800,3800,3800,3800,11152.17,1
2001055924,1,02,P108,10,09,08,07,06,05,3600,3600,3600,3600,3600,3600,10565.21,9
2001100724,1,03,P108,09,08,07,06,05,04,3600,3600,3600,0,0,0,5311.47,9
2001218913,1,01,P108,10,09,08,07,06,05,3700,3700,0,0,0,0,3619.56,1
2001388918,1,04,P108,10,09,08,07,06,05,0,0,0,3760,0,0,1839.13,9
2001673903,1,03,P108,10,09,08,07,06,05,0,0,0,0,0,1750,855.97,9
2001914206,1,03,P108,07,06,05,04,03,02,3700,3700,3700,3700,3700,3700,10978.02,9
2001959414,1,03,P108,08,07,06,05,04,03,0,4000,4000,4000,4000,4000,9782.6,8
2001959414,1,04,P108,08,07,06,05,04,03,3700,3700,3700,3700,3700,3700,10858.69,1
2002500806,1,03,P108,09,08,07,06,05,04,3748,3748,3748,3748,3748,3748,11059.67,1
2002500916,1,03,P108,10,09,08,07,06,05,2800,2800,2800,2800,2800,2800,8217.39,9
2002607010,1,03,P108,10,09,08,07,06,05,3708,3708,3708,3708,3708,3708,10882.17,9
2002607716,1,02,P108,09,08,07,06,05,04,0,0,0,0,0,3600,1770.49,9
2002992404,1,05,P108,10,09,08,07,06,05,0,0,0,0,0,4800,2347.82,9
2003135514,1,04,P108,08,07,06,05,04,03,0,0,4800,0,0,0,2347.82,9
2003135820,1,01,P108,09,08,07,06,05,04,3750,0,0,0,0,0,1844.26,9
2003187722,1,03,P108,09,08,07,06,05,04,3500,3500,3500,3500,3500,3500,10327.86,9
2060101521,1,03,P108,08,07,06,05,04,03,0,0,0,3740,3740,3740,5488.04,9
2060147812,1,03,P108,09,08,07,06,05,04,3700,3700,3700,3700,3700,3700,10918.03,1
2060149506,1,02,P108,08,07,06,05,04,03,5000,4000,4000,5000,4000,5000,13206.52,1
2060186207,1,05,P108,07,06,05,04,03,02,0,0,0,0,3600,3600,3560.43,9
2060350512,1,01,P108,08,07,06,05,04,03,3750,3750,3750,3750,3750,3750,11005.43,1
2060350618,1,03,P108,09,08,07,06,05,04,0,0,3600,3600,3600,3600,7081.96,8
2060369411,1,04,P108,08,07,06,05,04,03,3600,3600,3600,0,0,0,5282.6,9
2060369613,1,02,P108,09,08,07,06,05,04,3700,3700,3700,3700,0,0,7278.68,9
2060517624,1,01,P108,09,08,07,06,05,04,3750,3750,3750,3750,3750,0,9221.31,9
2060517710,1,02,P108,09,08,07,06,05,04,0,3600,3600,3600,3600,3600,8852.45,9
2060655801,1,03,P108,09,08,07,06,05,04,0,0,0,4200,0,0,2065.57,9
2060655803,1,01,P108,09,08,07,06,05,04,3700,3700,3700,0,0,0,5459.01,9
2060693419,1,02,P108,10,09,08,07,06,05,3700,3700,3700,3700,3700,3700,10858.69,9
2060737313,1,01,P108,08,07,06,05,04,03,3748,3748,3748,3748,3748,0,9166.3,9
2060831711,1,02,P108,09,08,07,06,05,04,3700,3700,3700,3700,0,0,7278.68,1
2060831711,1,03,P108,09,08,07,06,05,04,3700,3700,3700,3700,3700,3700,10918.03,1
2061251403,1,03,P108,08,07,06,05,04,03,2400,0,2400,2400,2400,2400,5869.56,9
2061378808,1,04,P108,09,08,07,06,05,04,0,0,3600,3600,3600,3600,7081.96,9
2061407811,1,02,P108,09,08,07,06,05,04,0,3600,3600,3600,3600,3600,8852.45,9
2061533701,1,03,P108,09,08,07,06,05,04,3500,0,3500,0,0,0,3442.62,9
2061753324,1,02,P108,08,07,06,05,04,03,3748,3748,3748,3748,3748,3748,10999.56,9
2061954813,1,03,P108,09,08,07,06,05,04,0,4800,0,4800,0,4800,7081.96,9
2062136308,1,03,P108,08,07,06,05,04,03,3700,3700,3700,3700,3700,3700,10858.69,1
2062149720,1,03,P108,09,08,07,06,05,04,0,0,0,3750,3750,3750,5532.78,9
2062584414,1,01,P108,08,07,06,05,04,03,0,3748,3748,3748,3748,3748,9166.3,9
2100569402,1,03,P108,08,07,06,05,04,03,4000,4000,4000,4000,4000,4000,11739.13,1
2101557402,1,04,P108,08,07,06,05,04,03,0,0,0,0,0,1000,489.13,9
2104045005,1,01,P108,10,09,08,07,06,05,0,0,6000,6000,6000,6000,11739.13,9
2104171705,1,03,P108,09,08,07,06,05,04,3748,3748,3748,3748,3748,0,9216.39,9
2104452321,1,05,P108,08,07,06,05,04,03,3600,3600,0,0,0,0,3521.73,1
2104452321,1,06,P108,08,07,06,05,04,03,3748,3748,3748,0,0,0,5499.78,1
2106406211,1,03,P108,07,06,05,04,03,02,3748,3748,3748,3748,3748,3748,11120.43,9
2161007215,1,01,P108,07,06,05,04,03,02,3648,3648,3600,3600,3600,0,8948.57,9
2161023505,1,02,P108,08,07,06,05,04,03,0,0,0,3600,3600,3600,5282.6,9
2200518002,2,01,P108,10,09,08,07,06,05,1500,1500,1500,1500,1500,1500,4402.17,9
2201288503,1,02,P108,08,07,06,05,04,03,1500,1500,1500,1500,1500,1500,4402.17,9
2202595918,1,03,P108,10,09,08,07,06,05,0,2700,2700,2700,2700,2700,6603.26,9
2260126214,1,02,P108,07,06,05,04,03,02,3748,3748,3748,3748,3748,3748,11120.43,9
2260220222,1,01,P108,07,06,05,04,03,02,0,3600,3600,3600,3600,3600,8901.09,9
2260220309,1,02,P108,08,07,06,05,04,03,0,3700,3700,3700,3700,3700,9048.91,9
2260220312,1,01,P108,08,07,06,05,04,03,3748,3748,3748,3748,3748,3748,10999.56,9
2260223509,1,02,P108,08,07,06,05,04,03,0,3600,3600,3600,3600,3600,8804.34,9
2260223819,1,04,P108,09,08,07,06,05,04,3000,3000,3000,3000,3000,3000,8852.45,9
2260405201,1,02,P108,07,06,05,04,03,02,3800,3800,3800,3800,3800,3800,11274.72,9
2260434508,1,02,P108,08,07,06,05,04,03,3700,3700,3700,3700,3700,3700,10858.69,9
2260434703,1,04,P108,09,08,07,06,05,04,3600,3600,3600,3600,3600,3600,10622.95,1
2260434818,1,02,P108,09,08,07,06,05,04,3840,3840,3840,3840,3840,3840,11331.14,1
2260458715,1,03,P108,09,08,07,06,05,04,0,0,0,3750,3750,3750,5532.78,8
2260468008,2,02,P108,07,06,05,04,03,02,1700,1700,1700,3400,3400,3400,7483.69,9
2260495619,1,01,P108,09,08,07,06,05,04,3746,3746,3746,3746,3746,3746,11053.77,1
2260495710,1,02,P108,09,08,07,06,05,04,3700,3700,3700,3700,3700,3700,10918.03,9
2300151404,1,04,P108,08,07,06,05,04,03,3750,3750,3750,3750,3750,3750,11005.43,9
2300351205,1,03,P108,07,06,05,04,03,02,3600,3600,3600,3600,3600,3600,10681.31,9
2300435205,1,02,P108,07,06,05,04,03,02,3600,3600,3600,0,0,0,5340.65,9
2300988905,1,04,P108,10,09,08,07,06,05,2800,0,2800,0,0,0,2739.13,9
2302091404,1,02,P108,09,08,07,06,05,04,0,0,11600,0,0,0,5673.91,9
2303027211,1,02,P108,07,06,05,04,03,02,3750,3750,3750,3750,3750,3750,11126.37,1
2303095410,1,02,P108,08,07,06,05,04,03,3800,3800,3800,3800,3800,3800,11152.17,9
2303333206,1,03,P108,07,06,05,04,03,02,0,3600,3600,3600,3600,3600,8901.09,9
2303333206,1,04,P108,07,06,05,04,03,02,0,3600,3600,3600,3600,3600,8901.09,9
2360020605,1,02,P108,09,08,07,06,05,04,3700,3700,3700,3700,3700,3700,10918.03,9
2360030213,1,04,P108,07,06,05,04,03,02,3700,3700,3700,3700,0,0,7318.68,9
2360101213,1,03,P108,07,06,05,04,03,02,0,0,0,3600,3600,3600,5340.65,9
2360101213,1,06,P108,07,06,05,04,03,02,0,0,0,0,0,3600,1780.21,9
2360103817,1,02,P108,09,08,07,06,05,04,1500,1500,1500,1500,1500,1500,4426.22,9
2360115506,1,04,P108,08,07,06,05,04,03,3600,3600,3600,3600,3600,3600,10565.21,9
2360121019,1,02,P108,10,09,08,07,06,05,3743,3743,0,0,0,0,3661.63,1
2360121403,1,03,P108,08,07,06,05,04,03,0,3600,3600,3600,3600,3600,8804.34,9
2360121403,1,04,P108,08,07,06,05,04,03,3600,3600,3600,3600,3600,3600,10565.21,9
2360133710,1,02,P108,09,08,07,06,05,04,3600,3600,3600,3600,3600,3600,10622.95,9
2360172006,1,03,P108,10,09,08,07,06,05,3700,3700,3700,3700,3700,0,9048.91,9
2360172208,1,02,P108,07,06,05,04,03,02,0,3000,3000,3000,3000,3000,7417.58,9
2360172208,1,03,P108,07,06,05,04,03,02,3750,3750,3750,3750,3750,3750,11126.37,9
2360172208,1,05,P108,07,06,05,04,03,02,0,3000,3000,3000,3000,3000,7417.58,9
2360172208,1,06,P108,07,06,05,04,03,02,3750,3750,3750,3750,3750,3750,11126.37,9
2360172212,1,04,P108,07,06,05,04,03,02,3650,3600,3600,3600,3600,3600,10706.04,9
2360172521,1,02,P108,08,07,06,05,04,03,3700,3700,3700,3700,3700,3700,10858.69,9
2360177202,1,02,P108,07,06,05,04,03,02,3743,3743,0,0,0,0,3701.86,9
2360177203,1,03,P108,07,06,05,04,03,02,3748,3748,3748,3748,3600,3600,10974.06,1
2360177204,1,03,P108,07,06,05,04,03,02,3740,3740,0,0,0,0,3698.9,9
2360185214,1,02,P108,07,06,05,04,03,02,0,0,0,3600,3600,3600,5340.65,9
2360185215,1,03,P108,07,06,05,04,03,02,0,3700,3700,3700,3700,3700,9148.35,9
2360185215,1,04,P108,07,06,05,04,03,02,0,3700,3600,3600,3600,3600,8950.54,9
2360185215,1,05,P108,07,06,05,04,03,02,0,0,3600,3600,3600,3600,7120.87,9
2360185215,1,08,P108,07,06,05,04,03,02,3700,3600,3600,3600,3600,3600,10730.76,1
2360185303,1,02,P108,08,07,06,05,04,03,3700,3700,3700,0,0,0,5429.34,9
2360185716,1,04,P108,09,08,07,06,05,04,0,0,3700,3700,3700,3700,7278.68,9
2360185717,1,03,P108,09,08,07,06,05,04,0,0,3700,3700,3700,3700,7278.68,9
2360211018,1,03,P108,10,09,08,07,06,05,3700,3700,3700,3700,3700,3700,10858.69,9
2400259304,1,03,P108,08,07,06,05,04,03,0,0,3600,3600,3600,3600,7043.47,9
2401382305,1,03,P108,08,07,06,05,04,03,3750,3750,3750,3750,3750,3750,11005.43,9
2403160014,1,02,P108,10,09,08,07,06,05,0,0,0,0,0,3742,1830.32,9
2403397210,1,03,P108,07,06,05,04,03,02,0,0,0,5080,0,0,2512.08,9
2403508419,1,02,P108,08,07,06,05,04,03,0,4600,0,0,0,0,2249.99,9
2404062811,1,03,P108,09,08,07,06,05,04,3600,3600,3600,0,0,0,5311.47,9
2460515410,1,06,P108,08,07,06,05,04,03,0,0,0,0,3700,3700,3619.56,9
2460626909,1,03,P108,10,09,08,07,06,05,0,3620,3620,3620,3620,3620,8853.26,9
2460799608,1,03,P108,09,08,07,06,05,04,3700,3700,3700,3700,3700,3700,10918.03,2
2500407206,1,02,P108,07,06,05,04,03,02,0,0,0,0,0,3600,1780.21,9
2500413202,1,02,P108,07,06,05,04,03,02,0,0,0,0,3600,3600,3560.43,9
2500477803,1,01,P108,09,08,07,06,05,04,0,0,0,0,3600,3600,3540.98,9
2502003303,1,03,P108,08,07,06,05,04,03,0,0,1300,0,0,0,635.86,9
2502460803,1,03,P108,09,08,07,06,05,04,0,3700,3700,3700,3700,3700,9098.36,9
2503932406,1,02,P108,08,07,06,05,04,03,0,3700,3700,3700,3700,3700,9048.91,8
2505081323,1,03,P108,08,07,06,05,04,03,3700,3700,3700,3700,3700,3700,10858.69,9
2505205522,1,03,P108,08,07,06,05,04,03,3749,3749,3749,3749,3749,3749,11002.49,9
2560066616,1,03,P108,09,08,07,06,05,04,3700,0,0,0,0,0,1819.67,9
2560786411,1,03,P108,08,07,06,05,04,03,0,0,0,3600,3600,3600,5282.6,9
2560809809,1,03,P108,09,08,07,06,05,04,3700,3700,3700,3700,3700,3700,10918.03,1
2606588624,1,05,P108,09,08,07,06,05,04,0,0,0,4800,0,4800,4721.31,9
2660139007,1,02,P108,10,09,08,07,06,05,3600,3600,3600,3600,3600,3600,10565.21,9
2660602820,1,05,P108,09,08,07,06,05,04,0,0,0,4800,0,4800,4721.31,9
2700208304,1,03,P108,08,07,06,05,04,03,3600,3600,3600,3600,3600,3600,10565.21,9
2700316803,1,06,P108,09,08,07,06,05,04,0,0,0,0,0,3600,1770.49,9
2700316803,1,07,P108,09,08,07,06,05,04,0,0,0,3700,3700,3700,5459.01,9
2700434604,1,03,P108,09,08,07,06,05,04,0,0,3600,0,0,0,1770.49,9
2700501504,1,03,P108,08,07,06,05,04,03,3500,3500,3500,3500,3500,3500,10271.73,1
2700527801,1,03,P108,09,08,07,06,05,04,3748,3748,3748,3748,3748,0,9216.39,1
2700547306,1,04,P108,08,07,06,05,04,03,3700,3700,3700,3700,3700,3700,10858.69,9
2700781502,1,01,P108,08,07,06,05,04,03,0,0,3700,3700,3700,3700,7239.13,9
2700781502,1,03,P108,08,07,06,05,04,03,0,0,0,0,3700,3700,3619.56,9
2700866016,1,02,P108,10,09,08,07,06,05,0,0,0,0,3600,3600,3521.73,9
2700910001,1,02,P108,10,09,08,07,06,05,0,0,0,0,3700,3700,3619.56,9
2700910001,1,03,P108,10,09,08,07,06,05,3700,3700,3700,3700,0,0,7239.13,9
2701043412,1,02,P108,08,07,06,05,04,03,0,0,2500,0,3000,0,2690.21,9
2701045306,1,04,P108,08,07,06,05,04,03,3200,3200,3200,3200,3200,3200,9391.3,9
2701096016,1,01,P108,10,09,08,07,06,05,0,0,0,0,0,3748,1833.26,9
2701096016,1,02,P108,10,09,08,07,06,05,0,0,0,3748,3748,3748,5499.78,9
2701232209,1,02,P108,07,06,05,04,03,02,0,0,0,0,0,3600,1780.21,9
2701271304,1,03,P108,08,07,06,05,04,03,0,0,0,3600,3600,3600,5282.6,8
2701271316,1,03,P108,08,07,06,05,04,03,0,0,0,3600,3600,3600,5282.6,8
2701271422,1,03,P108,08,07,06,05,04,03,0,0,3600,3600,3600,3600,7043.47,9
2701271821,1,03,P108,09,08,07,06,05,04,3700,3700,3700,0,0,0,5459.01,9
2701286001,1,01,P108,10,09,08,07,06,05,0,3748,3748,3748,3748,3748,9166.3,9
2701286001,1,02,P108,10,09,08,07,06,05,0,3748,3748,3748,3748,3748,9166.3,9
2701290801,1,02,P108,09,08,07,06,05,04,3200,3200,3200,3200,3200,3200,9442.62,9
2701312806,1,06,P108,09,08,07,06,05,04,3750,3750,3500,3500,0,0,7131.14,9
2701312806,1,07,P108,09,08,07,06,05,04,0,0,0,0,0,3750,1844.26,9
2701329309,1,04,P108,08,07,06,05,04,03,0,3700,3700,3700,3700,3700,9048.91,9
2701356815,1,03,P108,09,08,07,06,05,04,3700,3700,3700,3700,3700,3700,10918.03,9
2701382220,1,05,P108,07,06,05,04,03,02,0,0,3700,3700,3700,3700,7318.68,9
2701463701,1,07,P108,09,08,07,06,05,04,3750,3750,0,0,0,0,3688.52,9
2701581206,1,04,P108,07,06,05,04,03,02,0,3700,3700,3700,3700,3700,9148.35,9
2701721217,1,02,P108,07,06,05,04,03,02,3600,3600,3600,3600,3600,3600,10681.31,9
2701721620,1,06,P108,09,08,07,06,05,04,3730,3730,3730,3730,3730,3730,11006.55,9
2701752209,1,02,P108,07,06,05,04,03,02,0,0,0,3600,3600,3600,5340.65,9
2701840210,1,01,P108,07,06,05,04,03,02,3600,3600,3600,3600,3600,3600,10681.31,9
2701840210,1,02,P108,07,06,05,04,03,02,3600,3600,3600,3600,3600,3600,10681.31,9
2701840214,1,03,P108,07,06,05,04,03,02,3600,3600,3600,0,0,0,5340.65,9
2701840711,1,02,P108,09,08,07,06,05,04,0,0,0,0,0,3748,1843.27,9
2701840723,1,02,P108,09,08,07,06,05,04,0,0,3740,3740,3740,3740,7357.37,9
2701857005,1,04,P108,10,09,08,07,06,05,3700,3700,3700,3700,3700,3700,10858.69,9
2701888614,1,03,P108,09,08,07,06,05,04,0,0,0,0,0,3742,1840.32,9
2701911021,1,03,P108,10,09,08,07,06,05,0,0,0,0,3700,3700,3619.56,8
2701911504,1,01,P108,08,07,06,05,04,03,0,0,0,3600,3600,3600,5282.6,9
2701911504,1,02,P108,08,07,06,05,04,03,0,0,0,3600,3600,3600,5282.6,9
2701911508,1,03,P108,08,07,06,05,04,03,3700,3700,3700,3700,3700,3700,10858.69,9
2701911508,1,04,P108,08,07,06,05,04,03,3500,0,0,0,0,0,1711.95,9
2701911715,1,03,P108,09,08,07,06,05,04,0,0,3600,0,0,3600,3540.98,9
2701919621,1,03,P108,09,08,07,06,05,04,3700,3700,3700,3700,3700,3700,10918.03,1
2701936211,1,02,P108,07,06,05,04,03,02,3700,3700,3700,3700,3700,3700,10978.02,1
2701943412,1,04,P108,08,07,06,05,04,03,3700,3700,0,0,0,0,3619.56,9
2701943412,1,05,P108,08,07,06,05,04,03,0,0,0,0,0,4800,2347.82,9
2701943521,1,03,P108,08,07,06,05,04,03,0,0,0,3500,3500,3500,5135.86,9
2701948708,1,04,P108,09,08,07,06,05,04,0,0,0,0,0,3600,1770.49,9
2702207007,1,04,P108,10,09,08,07,06,05,3700,3700,3700,3700,3700,3700,10858.69,9
2702213712,1,03,P108,09,08,07,06,05,04,3748,3748,3748,3748,3748,3748,11059.67,1
2702223404,1,03,P108,08,07,06,05,04,03,0,0,3748,3748,3748,3748,7333.04,9
2702223819,1,01,P108,09,08,07,06,05,04,0,0,0,3000,3000,3000,4426.22,9
2702223823,1,01,P108,09,08,07,06,05,04,0,0,1500,1500,1500,1500,2950.81,9
2760076805,1,02,P108,09,08,07,06,05,04,3748,3748,0,0,0,0,3686.55,1
2760166013,1,07,P108,10,09,08,07,06,05,0,0,0,0,0,3200,1565.21,9
2760232019,1,02,P108,10,09,08,07,06,05,0,0,0,3600,3600,3600,5282.6,9
2760232405,1,04,P108,08,07,06,05,04,03,3740,3740,3740,3740,3740,3740,10976.08,9
2760314518,1,02,P108,08,07,06,05,04,03,3750,0,3750,0,3750,0,5502.71,9
2760317807,1,01,P108,09,08,07,06,05,04,0,0,0,0,3700,3700,3639.34,9
2760317807,1,02,P108,09,08,07,06,05,04,0,0,0,0,0,3700,1819.67,9
2760426505,1,01,P108,08,07,06,05,04,03,3600,3600,3600,3600,3600,3600,10565.21,1
2760426607,1,02,P108,09,08,07,06,05,04,3700,3700,3700,0,0,0,5459.01,9
2760426811,1,03,P108,09,08,07,06,05,04,0,0,0,3600,3600,3600,5311.47,8
2760467310,1,03,P108,08,07,06,05,04,03,0,0,0,3600,3600,3600,5282.6,9
2760525508,1,06,P108,08,07,06,05,04,03,0,0,0,3000,3000,3000,4402.17,9
2760525704,1,03,P108,09,08,07,06,05,04,0,0,0,0,3600,3600,3540.98,9
2760528024,1,03,P108,10,09,08,07,06,05,0,0,3600,3600,3600,3600,7043.47,9
2760528401,1,04,P108,10,09,08,07,06,05,3700,3700,3700,3700,3700,3700,10858.69,9
2760568622,1,02,P108,09,08,07,06,05,04,3700,3700,3700,3700,0,0,7278.68,2
2760607518,1,03,P108,08,07,06,05,04,03,0,0,0,0,3600,3600,3521.73,9
2760695424,1,02,P108,08,07,06,05,04,03,0,3765,3765,3765,3765,3765,9207.88,9
2760766402,1,03,P108,08,07,06,05,04,03,3750,0,3750,0,0,0,3668.47,9
2760771507,1,03,P108,08,07,06,05,04,03,3700,3700,0,0,0,0,3619.56,9
2760771511,1,01,P108,08,07,06,05,04,03,0,0,0,0,3600,3600,3521.73,8
2760771511,1,02,P108,08,07,06,05,04,03,0,0,0,0,3600,3600,3521.73,8
2760771604,1,02,P108,10,09,08,07,06,05,3750,3750,3750,3750,3750,3750,11065.57,9
2760771706,1,02,P108,09,08,07,06,05,04,0,0,3740,3740,3740,3740,7357.37,9
2760806206,1,02,P108,07,06,05,04,03,02,3600,3600,3600,3600,3600,3600,10681.31,9
2760806714,1,03,P108,09,08,07,06,05,04,3700,3700,3700,3700,3700,3700,10918.03,1
2760806714,1,04,P108,09,08,07,06,05,04,3700,3700,3700,3700,3700,3700,10918.03,1
2760806714,1,05,P108,09,08,07,06,05,04,3500,3500,3500,3500,3500,3500,10327.86,9
2760830412,1,05,P108,08,07,06,05,04,03,3600,3600,3600,3600,3600,3600,10565.21,9
2760830414,1,01,P108,08,07,06,05,04,03,3600,3600,3600,3600,3600,3600,10565.21,9
2760880403,1,02,P108,08,07,06,05,04,03,0,3700,3700,3700,3700,3700,9048.91,9
2760887010,1,01,P108,10,09,08,07,06,05,0,0,0,0,3614,3614,3535.43,9
2760887221,1,04,P108,07,06,05,04,03,02,3700,3700,0,0,0,0,3659.34,9
2760887714,1,03,P108,09,08,07,06,05,04,3746,3746,3746,3746,3746,3746,11053.77,9
2760918305,1,01,P108,08,07,06,05,04,03,3748,3748,3748,3748,3748,3748,10999.56,9
2760918305,1,02,P108,08,07,06,05,04,03,0,0,0,3748,3748,3748,5499.78,9
2760918716,1,01,P108,09,08,07,06,05,04,0,0,0,0,3600,3600,3540.98,9
2760984416,1,01,P108,08,07,06,05,04,03,0,0,0,0,3700,3700,3619.56,8
2760984416,1,02,P108,08,07,06,05,04,03,0,0,0,0,0,3748,1833.26,9
2761017509,1,06,P108,08,07,06,05,04,03,3700,3700,3700,3700,3700,3700,10858.69,2
2761017510,1,02,P108,08,07,06,05,04,03,0,0,0,0,3600,3600,3521.73,9
2761017511,1,03,P108,08,07,06,05,04,03,3700,3700,3700,3700,3700,3700,10858.69,1
2761017511,1,04,P108,08,07,06,05,04,03,0,0,0,3600,3600,3600,5282.6,9
2761017511,1,07,P108,08,07,06,05,04,03,3600,3600,3600,3600,3600,3600,10565.21,1
2761017819,1,03,P108,10,09,08,07,06,05,3700,3700,3700,3700,3700,3700,10918.03,9
2761017821,1,05,P108,10,09,08,07,06,05,3740,3740,3740,3740,3740,0,9196.72,1
2800241402,1,02,P108,08,07,06,05,04,03,3700,0,0,0,0,0,1809.78,9
2800241402,1,03,P108,08,07,06,05,04,03,3700,0,0,0,0,0,1809.78,9
2801419303,1,02,P108,08,07,06,05,04,03,0,0,3745,3745,3745,3745,7327.17,9
2802634904,1,02,P108,10,09,08,07,06,05,500,500,0,0,0,0,489.13,9
2802732801,1,05,P108,09,08,07,06,05,04,0,3600,3600,3600,3600,3600,8852.45,9
2808036301,1,03,P108,08,07,06,05,04,03,3600,0,0,0,0,0,1760.86,9
2808036317,1,05,P108,08,07,06,05,04,03,0,0,0,0,3600,3600,3521.73,9
2808090517,1,04,P108,08,07,06,05,04,03,0,1870,1870,1870,1870,0,3658.69,8
2808090517,1,05,P108,08,07,06,05,04,03,0,1870,1870,1870,1870,1870,4573.36,8
2808234207,1,05,P108,07,06,05,04,03,02,3600,3600,3600,3600,3600,3600,10681.31,9
2808343705,1,02,P108,09,08,07,06,05,04,0,0,0,0,0,3700,1819.67,9
2808391814,1,02,P108,09,08,07,06,05,04,0,0,3748,3748,3748,3748,7373.11,8
2860011206,1,01,P108,07,06,05,04,03,02,0,0,3600,3600,3600,3600,7120.87,9
2860019914,1,01,P108,10,09,08,07,06,05,0,0,0,3500,3500,3500,5135.86,9
2860019914,1,02,P108,10,09,08,07,06,05,0,0,0,3500,3500,3500,5135.86,9
2860478804,1,04,P108,09,08,07,06,05,04,0,0,3700,3700,3700,3700,7278.68,9
2860597917,1,02,P108,10,09,08,07,06,05,3700,3700,3700,0,0,0,5429.34,1
2900353320,1,03,P108,08,07,06,05,04,03,3740,3740,3740,3740,3740,3740,10976.08,1
2900361524,1,06,P108,08,07,06,05,04,03,0,0,3700,3700,3700,3700,7239.13,8
2900688302,1,03,P108,08,07,06,05,04,03,0,0,0,7400,7400,7400,10858.69,9
2900751006,1,02,P108,10,09,08,07,06,05,3748,3748,3748,3748,3748,3748,10999.56,9
2901265205,1,09,P108,07,06,05,04,03,02,0,0,0,4000,0,0,1978.02,9
2901318005,1,04,P108,10,09,08,07,06,05,0,0,0,3600,3600,3600,5282.6,9
2901402505,1,03,P108,09,08,07,06,05,04,0,0,0,0,3720,3720,3639.13,9
2901630204,1,05,P108,07,06,05,04,03,02,1400,1400,1400,1400,1400,1400,4153.84,9
2901676301,1,05,P108,08,07,06,05,04,03,3700,3700,3700,3700,3700,3700,10858.69,1
2901715203,1,03,P108,07,06,05,04,03,02,1800,1800,1800,1800,1800,1800,5340.65,9
2901743501,1,05,P108,08,07,06,05,04,03,3600,3600,0,0,0,0,3521.73,9
2901749602,1,03,P108,09,08,07,06,05,04,3748,3748,3748,3748,3748,3748,11059.67,1
2901750804,1,04,P108,09,08,07,06,05,04,3700,3700,3700,3700,3700,3700,10918.03,9
2901885506,1,02,P108,08,07,06,05,04,03,1800,1800,1800,1800,1800,1800,5282.6,9
2901900602,1,03,P108,09,08,07,06,05,04,0,3600,3600,3600,3600,3600,8852.45,9
2901905609,1,03,P108,09,08,07,06,05,04,3700,3700,3700,3700,3700,3700,10918.03,9
2901905802,1,01,P108,09,08,07,06,05,04,3780,3780,3780,3780,0,0,7436.06,9
2902020405,1,02,P108,08,07,06,05,04,03,3200,3200,3200,3200,3200,3200,9391.3,9
2960010214,1,04,P108,07,06,05,04,03,02,0,3748,3748,3748,3748,3748,9267.03,9
2960072620,1,02,P108,09,08,07,06,05,04,3000,3000,3000,3000,3000,3000,8852.45,9
2960281819,1,04,P108,09,08,07,06,05,04,3700,3700,3700,3700,3700,3700,10918.03,9
2960281822,1,02,P108,09,08,07,06,05,04,3700,3700,3700,3700,3700,3700,10918.03,9
3000685301,1,03,P108,08,07,06,05,04,03,3700,3700,0,0,0,0,3619.56,9
3001230605,1,03,P108,09,08,07,06,05,04,2000,2000,2000,2000,2000,2000,5901.63,9
3004178206,1,03,P108,07,06,05,04,03,02,3748,3748,0,0,0,0,3706.81,1
3005494903,1,03,P108,10,09,08,07,06,05,0,0,0,3700,0,0,1809.78,9
3005533007,1,04,P108,10,09,08,07,06,05,0,0,3600,3600,3600,3600,7043.47,9
3005934611,1,03,P108,09,08,07,06,05,04,3700,3700,3700,3700,3700,3700,10918.03,1
3006034704,1,03,P108,09,08,07,06,05,04,0,3750,3750,3750,3750,3750,9221.31,9
3006516218,1,04,P108,07,06,05,04,03,02,3600,3600,3600,0,0,0,5340.65,9
3006734419,1,02,P108,08,07,06,05,04,03,0,0,3600,3600,3600,3600,7043.47,9
3007749706,1,02,P108,09,08,07,06,05,04,3748,3748,3748,3748,3748,3748,11059.67,1
3009911418,1,03,P108,08,07,06,05,04,03,3700,0,0,0,0,0,1809.78,9
3009911418,1,04,P108,08,07,06,05,04,03,0,2600,0,2600,0,2600,3815.21,9
3060567404,1,03,P108,08,07,06,05,04,03,3741,3741,3741,3741,3741,0,9149.18,9
3060665023,1,04,P108,10,09,08,07,06,05,3600,3600,3600,3600,3600,3600,10565.21,9
3061204223,1,02,P108,07,06,05,04,03,02,3600,3600,3600,3600,3600,3600,10681.31,1
3061471708,1,04,P108,09,08,07,06,05,04,3700,3700,3700,3700,3700,3700,10918.03,9
3061933201,1,09,P108,07,06,05,04,03,02,0,0,0,3600,3600,3600,5340.65,9
3061933203,1,04,P108,07,06,05,04,03,02,0,0,0,0,0,3600,1780.21,9
3061933711,2,02,P108,09,08,07,06,05,04,0,0,0,0,3700,3700,3639.34,9
3061970801,1,03,P108,09,08,07,06,05,04,0,3775,3775,3775,3775,3775,9282.78,9
3061997411,1,01,P108,08,07,06,05,04,03,0,0,0,3260,3260,3260,4783.69,9
3061997411,1,02,P108,08,07,06,05,04,03,0,0,0,0,0,3260,1594.56,9
3062038720,1,03,P108,09,08,07,06,05,04,7490,7490,7490,7490,7490,7490,22101.63,1
3062060608,1,03,P108,09,08,07,06,05,04,3700,3700,3700,3700,3700,3700,10918.03,1
3062099308,1,04,P108,08,07,06,05,04,03,0,0,0,0,3400,3400,3326.08,9
3062225616,1,02,P108,09,08,07,06,05,04,3700,0,0,0,0,0,1819.67,1
3062418317,1,03,P108,08,07,06,05,04,03,0,0,0,0,0,3600,1760.86,9
3062418318,1,02,P108,08,07,06,05,04,03,0,0,0,3700,3700,3700,5429.34,9
3062575720,1,05,P108,09,08,07,06,05,04,3600,3600,3600,3600,3600,3600,10622.95,9
3062626419,1,03,P108,08,07,06,05,04,03,3600,3600,3600,3600,3600,3600,10565.21,9
3062626424,1,04,P108,08,07,06,05,04,03,3748,3748,3748,3748,3748,3748,10999.56,1
3062626506,1,02,P108,08,07,06,05,04,03,0,3600,3600,3600,3600,3600,8804.34,9
3062626818,1,03,P108,09,08,07,06,05,04,3700,3700,3700,3700,3700,3700,10918.03,9
3062675624,1,02,P108,09,08,07,06,05,04,3748,3748,3748,3748,3748,3748,11059.67,9
3063049909,1,03,P108,10,09,08,07,06,05,3674,3674,3674,3674,3674,3674,10782.39,1
3063166807,1,01,P108,09,08,07,06,05,04,0,3600,3600,3600,3600,3600,8852.45,9
3063276414,1,03,P108,08,07,06,05,04,03,3600,3600,0,0,0,0,3521.73,9
3063307602,1,03,P108,10,09,08,07,06,05,3780,3780,0,0,0,0,3718.03,9
3063536514,1,03,P108,08,07,06,05,04,03,3600,3600,3600,3600,3600,3600,10565.21,9
3063536717,1,03,P108,09,08,07,06,05,04,1850,3700,3700,3700,3700,3700,10008.19,1
3063715515,1,02,P108,08,07,06,05,04,03,0,0,3700,3700,3700,3700,7239.13,9
3063715710,1,03,P108,09,08,07,06,05,04,3840,3840,3840,3840,3840,3840,11331.14,1
3063715718,1,02,P108,09,08,07,06,05,04,3840,3840,3840,3840,3840,0,9442.62,1
3063715718,1,03,P108,09,08,07,06,05,04,3840,3840,3840,3840,3840,0,9442.62,1
3100301205,1,03,P108,07,06,05,04,03,02,0,0,0,0,0,3600,1780.21,9
3100384706,1,03,P108,09,08,07,06,05,04,3750,3750,3750,3750,3750,3750,11065.57,9
3100432406,1,03,P108,09,08,07,06,05,04,3750,3750,3750,3750,3750,3750,11005.43,1
3100908201,1,03,P108,07,06,05,04,03,02,0,0,0,0,0,3400,1681.31,9
3101439003,1,01,P108,10,09,08,07,06,05,0,0,0,3800,3800,3800,5576.08,9
3101691403,1,04,P108,08,07,06,05,04,03,0,3000,3000,3000,3000,0,5869.56,9
3102416620,1,02,P108,09,08,07,06,05,04,3700,3700,3700,3700,3700,3700,10918.03,9
3102756022,2,01,P108,10,09,08,07,06,05,3600,3600,3600,3600,0,0,7043.47,9
3102842306,1,02,P108,08,07,06,05,04,03,3800,3800,3800,3800,3800,3800,11152.17,9
3102842306,2,02,P108,08,07,06,05,04,03,0,0,0,3800,0,0,1858.69,9
3102929505,1,06,P108,08,07,06,05,04,03,0,0,3750,3750,3750,3750,7336.95,9
3102929803,1,03,P108,09,08,07,06,05,04,3070,3070,3070,3070,3070,3070,9059.01,1
3102929803,1,04,P108,09,08,07,06,05,04,3300,3300,3300,3300,3300,3300,9737.7,1
3103026319,1,04,P108,08,07,06,05,04,03,3400,3400,3400,3400,3400,3400,9978.26,9
3103026323,1,03,P108,08,07,06,05,04,03,3700,3700,3700,3700,3700,3700,10858.69,9
3103659809,1,01,P108,09,08,07,06,05,04,3700,3700,0,0,0,0,3639.34,9
3104009818,1,03,P108,09,08,07,06,05,04,0,3730,3730,3730,3730,3730,9172.13,9
3104064021,1,05,P108,10,09,08,07,06,05,0,0,0,0,0,4800,2347.82,9
3160069806,1,05,P108,09,08,07,06,05,04,0,0,4800,0,4800,0,4721.31,9
3160164218,1,03,P108,07,06,05,04,03,02,3000,0,0,0,0,0,1483.51,1
3160221702,1,04,P108,09,08,07,06,05,04,0,0,0,0,3700,3700,3639.34,9
3160250422,1,03,P108,08,07,06,05,04,03,2300,0,2300,0,2300,0,3374.99,9
3160327208,1,02,P108,07,06,05,04,03,02,2700,0,0,0,0,0,1335.16,9
3160334611,1,03,P108,09,08,07,06,05,04,0,3700,3700,3700,3700,3700,9098.36,9
3160334611,1,10,P108,09,08,07,06,05,04,3740,3740,3740,3740,3740,3740,11036.06,9
3160335414,1,03,P108,08,07,06,05,04,03,3500,3500,3500,3500,3500,3500,10271.73,1
3160439422,1,03,P108,08,07,06,05,04,03,3000,3000,3000,3000,3000,3000,8804.34,1
3160455611,1,04,P108,09,08,07,06,05,04,3600,3600,3600,3600,3600,3600,10622.95,1
3160459221,1,05,P108,07,06,05,04,03,02,2400,0,0,0,0,0,1186.81,1
3160487415,2,02,P108,08,07,06,05,04,03,0,0,0,6000,3750,3750,6603.26,9
3160487814,1,01,P108,09,08,07,06,05,04,0,0,0,0,3700,3700,3639.34,9
3160487908,1,02,P108,10,09,08,07,06,05,0,0,0,0,3600,3600,3521.73,9
3200230303,1,02,P108,08,07,06,05,04,03,3600,3600,3600,3600,3600,3600,10565.21,9
3200551505,1,03,P108,08,07,06,05,04,03,3600,0,0,0,0,0,1760.86,9
3200612501,1,04,P108,08,07,06,05,04,03,0,0,0,0,3750,3750,3668.47,8
3200612505,1,04,P108,08,07,06,05,04,03,0,0,0,0,3870,3870,3785.86,1
3200856406,1,03,P108,08,07,06,05,04,03,3200,0,0,0,0,3200,3130.43,9
3200999204,1,01,P108,07,06,05,04,03,02,3700,0,0,0,0,0,1829.67,1
3201002001,1,03,P108,10,09,08,07,06,05,0,0,0,3800,0,0,1858.69,9
3201805206,1,04,P108,07,06,05,04,03,02,3700,3700,3700,3700,3700,3700,10978.02,9
3201926621,1,04,P108,09,08,07,06,05,04,3600,3600,3600,3600,0,0,7081.96,1
3201982913,1,02,P108,10,09,08,07,06,05,3700,3700,3700,3700,3700,3700,10858.69,9
3202065004,1,03,P108,10,09,08,07,06,05,0,3750,3750,3750,3750,3750,9171.19,1
3202065401,1,03,P108,08,07,06,05,04,03,0,3700,3700,3700,3700,3700,9048.91,9
3202138301,1,02,P108,08,07,06,05,04,03,0,0,0,0,3700,0,1809.78,9
3202146610,1,03,P108,09,08,07,06,05,04,3700,3700,3700,3700,3700,1850,10008.19,1
3202146803,1,01,P108,09,08,07,06,05,04,3750,3750,3750,3750,3750,3750,11065.57,1
3202198314,1,02,P108,08,07,06,05,04,03,0,0,0,0,0,3600,1760.86,9
3202335506,1,03,P108,10,09,08,07,06,05,3748,3748,3748,3748,3748,3748,10999.56,1
3202335506,1,05,P108,10,09,08,07,06,05,3748,3748,3748,3748,3748,3748,10999.56,1
3202335812,1,03,P108,09,08,07,06,05,04,3600,3600,0,0,0,0,3540.98,1
3202335812,1,04,P108,09,08,07,06,05,04,3600,3600,3600,3600,3600,3600,10622.95,1
3202543320,1,05,P108,08,07,06,05,04,03,3700,3700,3700,3700,3700,3700,10858.69,9
3202543903,1,03,P108,10,09,08,07,06,05,0,0,0,0,4000,0,1956.52,9
3202611903,1,03,P108,10,09,08,07,06,05,3747,3747,3747,3747,0,0,7331.08,1
3202611911,1,06,P108,10,09,08,07,06,05,3700,3700,0,0,0,0,3619.56,1
3202611911,1,07,P108,10,09,08,07,06,05,3700,3700,0,0,0,0,3619.56,1
3202643013,1,02,P108,10,09,08,07,06,05,3700,3700,3700,3700,3700,3700,10858.69,1
3260064304,1,04,P108,08,07,06,05,04,03,3758,3758,3758,3758,3758,3758,11028.91,1
3260064304,1,06,P108,08,07,06,05,04,03,0,3750,3750,3750,3750,3750,9171.19,8
3260190502,1,03,P108,08,07,06,05,04,03,0,0,3600,3600,3600,3600,7043.47,9
3260190608,1,03,P108,09,08,07,06,05,04,3500,3500,3500,3500,3500,3500,10327.86,9
3260190610,1,06,P108,09,08,07,06,05,04,0,0,0,0,0,3600,1770.49,9
3260381602,1,01,P108,09,08,07,06,05,04,0,1500,1500,1500,1500,1500,3688.52,9
3260381602,1,02,P108,09,08,07,06,05,04,0,1500,1500,1500,1500,1500,3688.52,9
3260709306,1,02,P108,08,07,06,05,04,03,0,0,0,0,3600,3600,3521.73,8
3260718313,1,03,P108,08,07,06,05,04,03,0,3600,3600,3600,3600,3600,8804.34,9
3260730521,1,02,P108,08,07,06,05,04,03,0,0,3600,3600,3600,3600,7043.47,8
